Image_Name,Predicted_Class,True_Class
00041_00000_00010_png_jpg.rf.92d228ecd147bfe05fcd5e6d0c2ef7c8.jpg,No_Over_Taking,No_Over_Taking
road357_png.rf.accfb6715c5191d4bca4eb62f68d6f38.jpg,Stop_Sign,Speed limit 40 Kph
road737_png.rf.a6d4e3aa97d1d1c3851252a541f82b11.jpg,Speed limit 100 Kph,Speed limit 100 Kph
road383_png.rf.07ecd0781ba5335ad28373b41073f1be.jpg,Speed limit 100 Kph,Speed limit 120 Kph
00035_00014_00023_png_jpg.rf.7af786f45826741b582f6c5b0a4a0926.jpg,Speed limit,Speed limit 70 Kph
00002_00068_00024_png_jpg.rf.abcdc436f1ed23cd5b070326e17b5143.jpg,One way road,One way road
104223605-speed-limit-traffic-sign-with-white-background_jpg.rf.94878f30b9f026f58a7588e3e3c3f6a9.jpg,Speed limit 50 Kph,Speed limit 50 Kph
british-triangular-road-sign-warning-drivers-that-a-cycle-route-is-B22XDK_jpg.rf.9089fd9859bd85f8d04d422b477644c4.jpg,Speed limit 70 Kph,Speed limit 50 Kph
road320_png.rf.b137fd8231301952cf4b0c1f56a122bc.jpg,CYCLE ROUTE AHEAD WARNING,CYCLE ROUTE AHEAD WARNING
speed-sign-120-kilometer-per-260nw-1269222331_webp.rf.1f11bb877052822df39a068e31cb88b6.jpg,Speed limit 80 Kph,Speed limit 40 Kph
road330_png.rf.49f9ee718d36c6b70e8d6c386fa05a68.jpg,Speed limit 80 Kph,Speed bump ahead
road655_png.rf.59eadbed3eed6088781d16813f4c017b.jpg,Speed limit 120 Kph,Speed limit 120 Kph
Combined_cycle_route_warning_and_30_mph_speed_limit_sign_in_Liphook-_Hampshire-_England_2_jpg.rf.4245f7660025e36c506e6f8fbe10cc15.jpg,Beware of children,Speed limit 40 Kph
road56_png.rf.3840d7b0de1bfeac736853ebe76d0e01.jpg,Beware of children,One way road
60-kmt-norwegian-road-sign-K3NMWB_jpg.rf.87d7259bc99c7135ea7cfb868f2d84f8.jpg,No_Over_Taking,Speed limit 60 Kph
00029_00006_00024_png_jpg.rf.ed9234dd638c6e082b3fe290c0cba57f.jpg,No_Over_Taking,Speed limit 40 Kph
00018_00005_00019_png_jpg.rf.270e03ab993feca725e33674d4ab3f33.jpg,No_Over_Taking,Speed bump ahead
road403_png.rf.f4f4e8c5d6080b362fbc831da5815fe0.jpg,No_Over_Taking,No_Over_Taking
no-entry-sign-beside-a-construction-site-in-cardiff-wales-5th-july-GB4K0G_jpg.rf.d8a73c90334d2615aac47b063c9809d0.jpg,No_Over_Taking,Crosswalk
00028_00007_00024_png_jpg.rf.81fcb320ec1b2f68d45ee898200dedde.jpg,CYCLE ROUTE AHEAD WARNING,CYCLE ROUTE AHEAD WARNING
00041_00000_00008_png_jpg.rf.f40d22ca3a73b365382e0a8c3682b8a7.jpg,CYCLE ROUTE AHEAD WARNING,Speed limit 30 Kph
00028_00007_00022_png_jpg.rf.8bd842d629132c0e1d245382a3ed625c.jpg,Stop_Sign,Stop_Sign
00022_00007_00016_png_jpg.rf.10037ca7e53bad14e5efa8dc36385c91.jpg,Dangerous Rright Curve Ahead,Speed limit 60 Kph
00041_00000_00003_png_jpg.rf.489a0880cda54817492668ffff5368d2.jpg,CYCLE ROUTE AHEAD WARNING,CYCLE ROUTE AHEAD WARNING
road598_png.rf.e021b257c2e76d341c21f32eacccb049.jpg,Attention Please-,Attention Please-
La_Grande_Route_de_Saint_Pierre_jpg.rf.c03cf0cfb4ebcd5741de4297dbd351b3.jpg,Speed limit 90 Kph,Speed limit 90 Kph
images3_jpeg.rf.75ef844f99d7e64374ecd2ef45141f4c.jpg,Stop_Sign,No Entry
00001_00018_00022_png_jpg.rf.012a9a72893fc1dbeb57dd112878915e.jpg,Beware of children,Beware of children
s-l1200_webp.rf.32f7e25eee03d7d1ad67bf618086a809.jpg,No_Over_Taking,No_Over_Taking
00020_00006_00029_png_jpg.rf.03c80b5827ff9e264911cd2198c83307.jpg,Beware of children,Beware of children
00001_00028_00021_png_jpg.rf.fcf026573cbd6fc175c109d4fc8e6d83.jpg,Uneven Road,Uneven Road
road512_png.rf.5dbbfb21f7067325ff7ca821536ac351.jpg,No_Over_Taking,No_Over_Taking
bright-red-and-white-no-entry-sign-with-white-on-blue-one-way-system-in-operation-sign-in-an-office-car-park-T9C441_jpg.rf.2177f19d7cceb003875ebe65e3464633.jpg,Speed limit 80 Kph,Beware of children
road709_png.rf.d0eeff2764c6d330b08002496504acd8.jpg,Speed limit 80 Kph,Speed limit
speeed-limit_webp.rf.d2cd3e36e57fa3fb250b40a72784fdbf.jpg,Speed limit 80 Kph,Speed limit 80 Kph
A_New_Slant_on_Road_Safety_-_geograph-org-uk_-_1068855_jpg.rf.d8c9c91299462b6c595783d8c1306da7.jpg,Speed limit 30 Kph,Speed limit 20 Kph
road334_png.rf.a1ef8844a17a32c7ff21f98a4c945adb.jpg,Speed limit 30 Kph,Speed limit 20 Kph
Approaching_the_right_hand_bend_in_Long_Lane_-geograph_4979553-_jpg.rf.28d15c614cb1c09c0ef587ae2e93985e.jpg,No Entry,No Entry
00022_00007_00021_png_jpg.rf.a9b2bbd474513446293550d1cf8e7f45.jpg,Speed limit 30 Kph,Speed limit 30 Kph
00029_00008_00022_png_jpg.rf.e529bffabcb5304c98a7f5d7416a86cb.jpg,Speed limit 120 Kph,Speed limit 70 Kph
road633_png.rf.f3ebf27941ad62ce035c09d35357a458.jpg,Dangerous Rright Curve Ahead,Dangerous Rright Curve Ahead
00001_00018_00024_png_jpg.rf.c57378115f3455c888749445098c5f4f.jpg,Speed limit 30 Kph,Speed limit 30 Kph
no-entry-except-cycles-road-sign-in-chichester-west-sussex-uk-T3K2CB_jpg.rf.c0c8ba22875e79bc86eaf20f2cfb6647.jpg,Speed limit 80 Kph,Speed limit 80 Kph
00000_00004_00020_png_jpg.rf.aaf0f662f07f7ea289bea58e5c6cc840.jpg,No Entry,No Entry
00022_00006_00021_png_jpg.rf.f2257a5269b144f058934cbc9f74c7f1.jpg,Speed limit 100 Kph,Speed limit 120 Kph
Left_bend_sign_and_speed_bumps_on_Pillmawr_Road-_Malpas-_Newport_-_geograph-org-uk_-_4662930_jpg.rf.6d6acdd14b228f77092908ee989b4afd.jpg,Speed limit 100 Kph,Speed limit 100 Kph
Wheelwright_Street-_N7_-_geograph-org-uk_-_413904_jpg.rf.a24b72bf6906e00d116f07c11768c178.jpg,Speed limit 90 Kph,Speed limit 60 Kph
road463_png.rf.144807afbc701b3d68c8862ed962cd5c.jpg,Dangerous Left Curve Ahead,Speed limit 20 Kph
sharp-right-hand-bend-sign-on-a-country-road-in-uk-CT2DN3-1-_jpg.rf.3b7197635bc36c74efb12295bfb1b79c.jpg,Speed limit,Speed limit 70 Kph
00019_00005_00024_png_jpg.rf.992fb60c080c14de80841e8f2e1055fb.jpg,Dangerous Left Curve Ahead,Dangerous Rright Curve Ahead
6a00d83451e76669e202a308da5bdc200c-800wi_webp.rf.5893343057fe59ed83ea779917e648d1.jpg,Uneven Road,Uneven Road
00024_00004_00022_png_jpg.rf.7e269cd9a50c499a01441b08d0da7a03.jpg,CYCLE ROUTE AHEAD WARNING,CYCLE ROUTE AHEAD WARNING
UK_Band_To_The_Left_Ahead_Sign_-_geograph-org-uk_-_5104724_jpg.rf.44f9500ec31edeb0c809e6957d6701bf.jpg,Stop_Sign,Stop_Sign
00028_00008_00005_png_jpg.rf.123ee4751959110467020be8f111dbe1.jpg,Speed limit 30 Kph,Speed limit 30 Kph
road425_png.rf.8def028815a4bfb5927eb87a15738995.jpg,No Entry,No Entry
UK_No_Turn_Left_Sign_-_geograph-org-uk_-_6261792_jpg.rf.396ffffdef48ff5707f69d139c8e609e.jpg,No Entry,CYCLE ROUTE AHEAD WARNING
30908156-bicycle-lane-crossing-a-priority-road-warned-by-traffic-signs_jpg.rf.a045eff8b731ef8938c638b8eb784ff5.jpg,Speed limit 20 Kph,Speed limit 20 Kph
00028_00007_00019_png_jpg.rf.3b34d8057b457cd3747bc437eb849a3d.jpg,Uneven Road,Uneven Road
road318_png.rf.a3d354ebb4ea43fc61bc00f002b88920.jpg,Dangerous Left Curve Ahead,Dangerous Left Curve Ahead
road591_png.rf.c1903dd00433f67c213a95a98a8e590b.jpg,No Entry,Speed limit 20 Kph
00020_00007_00026_png_jpg.rf.854de66cd6ee43cafeb963d6fc5dec03.jpg,Speed limit 80 Kph,Crosswalk
00000_00002_00028_png_jpg.rf.b93076d4ffc91ed19292f1d91b4e6430.jpg,Speed limit 80 Kph,Speed limit
00041_00000_00011_png_jpg.rf.02b2c10e08289a7f83fc06eceb75f627.jpg,Speed limit 80 Kph,Speed limit 80 Kph
00035_00015_00020_png_jpg.rf.32ad271a0242e86db4ac217bb38f5890.jpg,Dangerous Rright Curve Ahead,Dangerous Rright Curve Ahead
road431_png.rf.3a9da2377b33bcac66979c6dc0d4508f.jpg,Dangerous Left Curve Ahead,Dangerous Left Curve Ahead
00029_00005_00028_png_jpg.rf.af3469555367703b4f0a069b51624de1.jpg,Speed limit 60 Kph,Speed limit 90 Kph
road473_png.rf.ee848ece29fd1951b67be22f94dab854.jpg,-Road narrows on right,-Road narrows on right
road625_png.rf.f7638551261305d324e7466ebfc82cc7.jpg,Dangerous Left Curve Ahead,Dangerous Left Curve Ahead
00020_00006_00027_png_jpg.rf.9da88dc446d8692907690c7796be1f5c.jpg,Dangerous Left Curve Ahead,Speed limit 40 Kph
road243_png.rf.473ada9c0db5839427a520ad7f3a5abc.jpg,Beware of children,Beware of children
speed-camera-trap-road-sign-mountain-background-km-h-speed-camera-trapping-road-sign-defaced-sticker-125669571_webp.rf.b0a5af27422a12c7167f2ce0adb73517.jpg,Speed limit,Speed limit 90 Kph
road220_png.rf.edb1a5b4ecada4d1e834f3c8d9211858.jpg,Speed limit,Speed limit
road141_png.rf.5cb13d22930d4116240ce45e3ecf9671.jpg,Dangerous Left Curve Ahead,Dangerous Left Curve Ahead
00022_00006_00029_png_jpg.rf.2a10408154deaaa70646fa0ef7395f19.jpg,CYCLE ROUTE AHEAD WARNING,CYCLE ROUTE AHEAD WARNING
road733_png.rf.25dc49e2eee0714ddd3e1da8b7647701.jpg,Beware of children,Beware of children
images_jpeg.rf.0c6d62aebdee085dd9e6850a9ecc17f2.jpg,Speed bump ahead,Speed limit 40 Kph
road386_png.rf.33122e703e94de6522ea1e7e520688e4.jpg,Speed bump ahead,Crosswalk
00041_00000_00026_png_jpg.rf.a65d8c7c8040d51c9339011db620d031.jpg,Speed limit 80 Kph,Speed limit 80 Kph
00002_00035_00024_png_jpg.rf.3ded3ebaa4874e52de64a5a94eb2c8fa.jpg,Speed limit 80 Kph,Speed limit
00024_00004_00019_png_jpg.rf.38456c4bcf14eaf8f4576e89774b9bac.jpg,Dangerous Rright Curve Ahead,Dangerous Rright Curve Ahead
70-km-speed-limit-sign-seventy-kilometer-sign-3d-render-png_png.rf.f1fff33dd5089d957734ab0ce7d79390.jpg,Speed limit 20 Kph,Speed limit 20 Kph
30_to_20_along_York_Street-_Miskin_-_geograph-org-uk_-_3920362_jpg.rf.e3d4a4d18e4674443d8fe68a9b625bda.jpg,No_Over_Taking,No_Over_Taking
00022_00005_00028_png_jpg.rf.5acdf3222d8ca5b2be422eb500f913bf.jpg,One way road,One way road
00001_00022_00028_png_jpg.rf.9608aab553bda8e62e963110b0e3a65e.jpg,Speed limit 80 Kph,Speed limit 90 Kph
road819_png.rf.f2bb922790228958106725b03d380ef2.jpg,CYCLE ROUTE AHEAD WARNING,CYCLE ROUTE AHEAD WARNING
00020_00007_00028_png_jpg.rf.ab17878b81370177c0f8ab9d75e50fdf.jpg,Speed limit 40 Kph,Speed limit 80 Kph
00024_00004_00023_png_jpg.rf.6302ed57e3d092fb0d89ac8a459ff539.jpg,Speed limit 50 Kph,Speed limit 50 Kph
00018_00004_00013_png_jpg.rf.8e2afa288dbc2b7d995798f5312c11f3.jpg,Dangerous Rright Curve Ahead,Dangerous Rright Curve Ahead
13802250_webp.rf.8c39db0bc9c4a014b6fbab9e891663a8.jpg,Speed limit 80 Kph,Speed limit 80 Kph
00028_00008_00012_png_jpg.rf.6abd17802f8dd3569327f603bd5f8266.jpg,Speed limit 80 Kph,Speed limit 100 Kph
road674_png.rf.3a9d39cff526f4b85769d5f61e2c195f.jpg,Speed limit 60 Kph,Speed limit 90 Kph
Some_confusion_as_to_the_speed_limit_here_-_geograph-org-uk_-_1703901_jpg.rf.8a55cae319e324fa292d2d26719075e4.jpg,Speed limit 100 Kph,Speed limit 100 Kph
road743_png.rf.c7f1af7cd817d8f8ec3e8dd49ccde5e5.jpg,Speed limit 60 Kph,Crosswalk
UK_Bend_From_The_Right_Ahead_Sign_-_geograph-org-uk_-_5136342_jpg.rf.0baa57ff176bf5b0af1ceb6765058498.jpg,Uneven Road,Uneven Road
road772_png.rf.65a27cb0046be2f8174928c6411351ee.jpg,Speed limit 90 Kph,Speed limit 100 Kph
traffic-sign-no-entry-do-not-enter-red_jpg.rf.5eb0c4f02e54f38b75a634772801b314.jpg,Speed limit 90 Kph,Speed limit 120 Kph
dmeu_y4025075_23_std-lang-all_jpg.rf.76c3975fa8a8ef0c69f739215f6ba9e2.jpg,Speed limit 90 Kph,Speed limit 60 Kph
Durness_-_geograph-org-uk_-_993270_jpg.rf.caf0b2663e911921e8c419ab4a3cfa4e.jpg,Speed limit 90 Kph,Speed limit 70 Kph
00035_00013_00027_png_jpg.rf.81198242247d143217a7f97880f4e55d.jpg,No_Over_Taking,No_Over_Taking
00029_00006_00029_png_jpg.rf.f21c1f1887c29d7ced97a438854794cc.jpg,Speed limit 50 Kph,Speed limit 50 Kph
road614_png.rf.1c8ea67eaa654b57c4fef2af278de47e.jpg,-Road narrows on right,-Road narrows on right
road392_png.rf.5d6775c1e88a42f68ae9b1008cb45f33.jpg,No Entry,Speed limit 70 Kph
road277_png.rf.9fc273b4f31f48c4384f6ea9f0b9023c.jpg,Speed limit 20 Kph,Speed limit 20 Kph
6918614948_83bc60c43b_b_jpg.rf.a1f3c5d5d226b1dc59d53827ced4e4cc.jpg,Speed limit 20 Kph,Speed limit 20 Kph
road88_png_jpg.rf.a8e09a0e785c8efe5d096e6a56c6931e.jpg,Uneven Road,Uneven Road
road136_png.rf.3b46443ba14c58a367a0c8aaaa657ba7.jpg,Speed limit 30 Kph,Speed limit 30 Kph
road314_png.rf.b8ad0ea4abc0ae85c47743dabb96d946.jpg,Speed limit 80 Kph,Stop_Sign
road845_png.rf.5c7126975f150dd092f6c5b1c4468d6f.jpg,Dangerous Rright Curve Ahead,Dangerous Rright Curve Ahead
road92_png.rf.2d63caa136fe209e643a5311f9432d58.jpg,-Road narrows on right,-Road narrows on right
00002_00035_00022_png_jpg.rf.0d3503669fbfa6eac5e95b5ad32e9d37.jpg,Attention Please-,Attention Please-
road621_png.rf.d7ed3aa9c657dd108a776e22ba5624b6.jpg,Speed limit 90 Kph,Speed limit 90 Kph
00035_00013_00028_png_jpg.rf.da4e1129ec85177a7391c86f9efaca07.jpg,Beware of children,Beware of children
00002_00046_00018_png_jpg.rf.c1ceebcd506c09a7e07ad6f183040c18.jpg,Stop_Sign,Stop_Sign
00035_00014_00019_png_jpg.rf.fb84fd6b290689e380fc9f6db613e671.jpg,Speed limit 30 Kph,Speed limit 30 Kph
morrisons-car-park-reigate-first-lane-march-2017-wide-image_jpg.rf.4322e612b708f0edd490fc076b6e302d.jpg,Speed limit 100 Kph,Speed limit 100 Kph
road168_png.rf.d5ac424fb1711eca60cd48897a5c2298.jpg,Speed limit 100 Kph,Speed limit 120 Kph
bend-in-the-road-warning-sign-C060W6_jpg.rf.ed939c7c5c510cea31029c4054a38c79.jpg,Speed limit 40 Kph,Dangerous Rright Curve Ahead
00022_00005_00022_png_jpg.rf.792a795bb219a32544b62716f9adceb1.jpg,Speed limit 90 Kph,Speed limit 50 Kph
road390_png.rf.0e86b995fccfe15f3a06e148e3321f3e.jpg,No Entry,No Entry
00028_00006_00025_png_jpg.rf.6c376abd106a06c4aa7bd96a8b96d271.jpg,No Entry,No Entry
road656_png.rf.2cfa4653b16e773fc08e4d4d10d83bb9.jpg,Speed limit 30 Kph,Speed limit 30 Kph
road60_png.rf.3ecebdd704ca40e4424805ce8259f737.jpg,Speed limit 30 Kph,Speed limit 20 Kph
road562_png.rf.452d78b3e30a067b30b38f7c715a60bb.jpg,Speed limit 30 Kph,Beware of children
00041_00000_00012_png_jpg.rf.ace8a0b34e6c7f093de7ee52967a1d36.jpg,One way road,One way road
road343_png.rf.0bf8af8212c6e38869a2854a01901abb.jpg,CYCLE ROUTE AHEAD WARNING,CYCLE ROUTE AHEAD WARNING
road478_png.rf.3842ba968355c0465aedff6e5a61fafe.jpg,Speed limit 50 Kph,Speed limit 60 Kph
road500_png.rf.8113d7e783e312a5673e178265af753e.jpg,Speed limit 100 Kph,Speed limit 100 Kph
road808_png.rf.c586506e702bc24a6a1466653a63b1be.jpg,Speed limit 40 Kph,Speed bump ahead
road97_png.rf.233577394f6b2dbfaf5227630aab0ffa.jpg,Speed limit 40 Kph,Speed limit 40 Kph
road231_png.rf.12d551935e3e98bfe4315b9a61a89ad3.jpg,No Entry,No Entry
road485_png.rf.0bcc4e7e3c48ad6df2ab1d535d8dfa3e.jpg,Stop_Sign,Stop_Sign
road151_png.rf.45d03212ebe7f89bc03c413abd5bd8af.jpg,Dangerous Left Curve Ahead,Crosswalk
30_mph_speed_limit_sign-_Chichester_Street-_Belfast_-January_2016-_-_geograph-org-uk_-_4795602_jpg.rf.586567df75bb65081c28f251631cb963.jpg,Speed limit 40 Kph,Speed bump ahead
Warning_sign_-_bend_to_the_left_ahead-_Llanvetherine_-_geograph-org-uk_-_5579039_jpg.rf.19ea26874168baf696dbf89531ed9c23.jpg,Speed limit 40 Kph,Speed limit 40 Kph
00029_00008_00016_png_jpg.rf.73f18a99f71ba915859627e1e48ae6e1.jpg,Speed limit 40 Kph,Speed limit 40 Kph
metal-plate-traffic-sign-speed-limit-60-sign-is-usually-shown-as-black-number-in-red-circle-on-white-rectangular-background-it-is-maximum-speed-2B712GH_jpg.rf.3f7f403e4ebd2f21aa3ecd3d09a54e41.jpg,Speed limit 40 Kph,Speed limit
00041_00000_00019_png_jpg.rf.427ca50c7c1173e9c7ba4394f63b530a.jpg,Speed limit 40 Kph,Crosswalk
road847_png.rf.91b1099d61877d504f91e19868934cf3.jpg,Speed limit 100 Kph,Speed limit 80 Kph
00018_00003_00019_png_jpg.rf.dc59446b7e194f6f99d1a301fbc5f863.jpg,Speed limit 100 Kph,Crosswalk
00018_00005_00024_png_jpg.rf.18522ea6ffb8ac63250874cfab0f460c.jpg,Stop_Sign,Stop_Sign
road515_png.rf.08a768c49c6e2360a8d178f495a858c3.jpg,Speed limit 50 Kph,Speed limit 50 Kph
a-right-hand-bend-sign-on-a-country-road-in-south-norfolk-england-CW1N67_jpg.rf.9179ef8504e2722f01cb2fabe22b4e33.jpg,Speed limit 50 Kph,Speed limit 50 Kph
00028_00008_00020_png_jpg.rf.2c473fb5d3b66e2374b1640db7e17e76.jpg,One way road,One way road
road322_png.rf.fa6356d146be9b0f65bf23ca7087df28.jpg,Speed limit 50 Kph,Speed limit 50 Kph
road321_png.rf.d7bdb44d75e9fb377871c1f36f616729.jpg,One way road,One way road
No_left_turn_sign_in_the_grounds_of_Warwick_Castle_-_geograph-org-uk_-_4692238_jpg.rf.11879614972b7d50961862955eb4a21e.jpg,Speed limit 20 Kph,No Entry
no-entry-warning-sign-uk-ENC4G1_jpg.rf.ea12ae821dda98ded95a80b678257bd2.jpg,Speed limit 20 Kph,No Entry
00018_00003_00028_png_jpg.rf.a2fb27abbd55281eaca48445367ca989.jpg,Speed limit 20 Kph,Crosswalk
road335_png.rf.d3122c021a899d933f0bce2e57440d0f.jpg,Uneven Road,Dangerous Rright Curve Ahead
44936_webp.rf.8c80441e179e17eedb92926e715b58db.jpg,Uneven Road,Uneven Road
a-traffic-sign-displays-a-speed-limit-of-120-kmh-on-the-highway-a37-D7KA22_jpg.rf.6a630bea4c8aa2ab88d783640870033d.jpg,Speed limit 90 Kph,Speed limit 90 Kph
road125_png.rf.76473d76c7e2703af456c0e2b6e93a91.jpg,Beware of children,Beware of children
00001_00018_00023_png_jpg.rf.68200a95bfbbd11f2197ee21d043a394.jpg,Speed limit 60 Kph,Crosswalk
UK_traffic_sign_512-3_-right-svg_png.rf.a368787dbcc2901fd32a9d16f7f281e0.jpg,Speed limit 60 Kph,No_Over_Taking
00001_00018_00019_png_jpg.rf.6895bd5ebb34b3874d9146d63e9eb16e.jpg,Speed limit 60 Kph,Speed bump ahead
00024_00003_00026_png_jpg.rf.5c21d520ad14f7ae455e82894c4ab027.jpg,Speed limit 60 Kph,Speed limit 40 Kph
road676_png.rf.c03f4354fc90284e6f6a7298809ebda5.jpg,Speed limit 60 Kph,Speed limit 60 Kph
00000_00000_00018_png_jpg.rf.f707cbdaf4d44b31e41ee7d604b558de.jpg,Stop_Sign,Stop_Sign
united-kingdom-30mph-speed-limit-sign-AJNKWK_jpg.rf.ede010703c8b68ff049556c633902a23.jpg,Speed limit 40 Kph,Crosswalk
road835_png.rf.441359481f0487cb4ece54dee910fea7.jpg,Speed limit 40 Kph,Speed limit 40 Kph
00027_00000_00029_png_jpg.rf.251c3b2c470f264d85c59b37069ce01a.jpg,Speed limit 40 Kph,Speed bump ahead
road517_png.rf.0b5fd9ae6bc5ac51fd074670a68fc877.jpg,No_Over_Taking,No_Over_Taking
00028_00007_00025_png_jpg.rf.38076e7173914700d360c674df534c17.jpg,Speed limit 40 Kph,Dangerous Rright Curve Ahead
6440634-60km-h-speed-limit-sign-isolated-on-the-sky_jpg.rf.f72461c95cd68f52937a0348afa98aaf.jpg,Speed limit 40 Kph,Speed limit
00028_00007_00029_png_jpg.rf.39c62773bdfec7e56992b367c1430d20.jpg,Speed limit 40 Kph,Speed limit 40 Kph
road528_png.rf.ca422cfea1ffa8c6cc0ad555df5324ed.jpg,Speed limit 80 Kph,Speed limit 80 Kph
00001_00027_00024_png_jpg.rf.495a004c589bea8f13a11adffdcd5ef7.jpg,Speed limit,Speed limit
00022_00007_00024_png_jpg.rf.a9c7dcb8000efc344a6e6b3b1594741d.jpg,Speed limit,One way road
road107_png.rf.ccfc4501f5c2593dbd843815765caa57.jpg,Speed limit 80 Kph,Speed limit 80 Kph
30_mile_speed_limit_-_geograph-org-uk_-_5127159_jpg.rf.e9a851e065b33b157e0d4c118829f0c1.jpg,Speed limit 100 Kph,Speed limit 90 Kph
road727_png.rf.013c316d9fc19665aef6c7a599b777b5.jpg,Speed limit 100 Kph,Speed limit
Calshot_Street-_Pentonville_-_geograph-org-uk_-_1811528_jpg.rf.ec6e5b73c657816049d899be84f629a8.jpg,Stop_Sign,Stop_Sign
70mph-road-sign-on-the-m77near-kilmarnock-central-scotland-2006-APMEH7_jpg.rf.c1d80484689dd0c60bfc8995f03b061b.jpg,Speed limit 80 Kph,Speed limit 100 Kph
00022_00006_00028_png_jpg.rf.9e6c70d04374a2c838f8671bf22fc217.jpg,Speed limit 80 Kph,Speed limit 80 Kph
00022_00007_00029_png_jpg.rf.f19f7837533972ef6daa5c99412f9883.jpg,Crosswalk,Speed limit 80 Kph
00020_00006_00024_png_jpg.rf.268c2a2958af96f1f15cb517ce980f89.jpg,Crosswalk,Stop_Sign
00028_00006_00028_png_jpg.rf.78d1b6c881879f5183f0a4c4bf9cbe87.jpg,Crosswalk,Crosswalk
road863_png.rf.47ca81063ce1f9f2fb4783e685a79cb2.jpg,Speed limit 120 Kph,Speed limit 30 Kph
road420_png.rf.9acec628b55966820aa50cad9cd26810.jpg,Dangerous Left Curve Ahead,Dangerous Left Curve Ahead
road380_png.rf.bd4434528d3780d2fa3a3454cb77c4c1.jpg,CYCLE ROUTE AHEAD WARNING,CYCLE ROUTE AHEAD WARNING
Speed_limit_sign_-_geograph-org-uk_-_2376654_jpg.rf.e31fbcc5547f587ec49f73282c75141c.jpg,No Entry,Speed limit 60 Kph
road859_png.rf.5e04691299e9585b59326894053e52f5.jpg,No_Over_Taking,No_Over_Taking
00029_00007_00026_png_jpg.rf.4027ae1aeb8e598adc9a31784999a702.jpg,Speed limit 80 Kph,Speed limit 80 Kph
road409_png.rf.70d76097a44542602b2dd5e5f9458aa8.jpg,Attention Please-,Attention Please-
stock-photo-no-entry-traffic-sign-at-giens-peninsula-on-a-sunny-late-spring-day-photo-taken-june-th-2326135077_jpg.rf.e440957d297c68a3a11812636809be18.jpg,Attention Please-,Attention Please-
00022_00005_00025_png_jpg.rf.2650afe7d32193bb7209e73a0c144f94.jpg,Speed limit 80 Kph,Speed limit 80 Kph
OKYZQRPFLF8E5C1EFQ4D_jpg.rf.95c343147fc40a09a59e93ddfb02ca60.jpg,Dangerous Rright Curve Ahead,Dangerous Rright Curve Ahead
00000_00000_00019_png_jpg.rf.0caa91836417583be08013d5f095bcdc.jpg,Beware of children,Beware of children
no-entry-sign-on-a-square-background-DYMJH8_jpg.rf.304b5ef6e6c81d4865ee4c3454438827.jpg,Speed limit,Speed limit 40 Kph
road204_png.rf.8b8f11cabc4fac2672516d3accc1295d.jpg,Speed limit,Speed limit
00035_00015_00023_png_jpg.rf.a6bcb0cc906730ba4c7ea1faa28cb002.jpg,Speed limit,One way road
00018_00007_00021_png_jpg.rf.2edc1d1abfbd0d908901eb8d3d8c6226.jpg,Speed limit 40 Kph,Speed limit
00000_00000_00022_png_jpg.rf.6747813c922976c163aa5f9881eed31b.jpg,Speed limit 40 Kph,Speed bump ahead
no-entry-sign-street-post-uk-97168629_webp.rf.89541b1b71841b3c01a49516011a4e15.jpg,Speed limit 40 Kph,Speed limit
road66_png.rf.b43190452e674344eb4e6b6441533bab.jpg,Speed limit 40 Kph,Speed limit 40 Kph
road831_png.rf.be11daa53ade3266904b0a20f226bc44.jpg,Speed limit 40 Kph,Crosswalk
Left_hand_bend_ahead-_with_road_junction_right_-_geograph-org-uk_-_4196216-1-_jpg.rf.1239341a49517d324fbf6c5dc693bf3a.jpg,Speed limit 30 Kph,Dangerous Left Curve Ahead
road155_png.rf.862888b2febd6f7ffa28543ef798e38b.jpg,No Entry,No Entry
shutterstock_1997146622-1024x896_jpg.rf.ffd755555336d43de9632e403d865648.jpg,Attention Please-,Attention Please-
road622_png.rf.03f3a330f8fe7342ca4e7fb3c57003bb.jpg,Speed limit,Speed limit 70 Kph
00041_00000_00001_png_jpg.rf.65a5ae11285f7fe3dda54d6aea7534dc.jpg,Speed limit,Speed limit
00035_00014_00029_png_jpg.rf.e3edc024fb8f207b57247d814633c30e.jpg,roundabout,roundabout
mini-roundabout-road-sign-in-the-uk-J253NT_jpg.rf.bd8eddd6606895af7141e91b275a03b2.jpg,Speed limit 120 Kph,Speed limit 120 Kph
00018_00003_00018_png_jpg.rf.f63372fe5c0a1240ac9e9c3db883e531.jpg,Stop_Sign,Crosswalk
Left_hand_bend_with_road_junction_to_left_-_geograph-org-uk_-_4241699_jpg.rf.2ef75b8c2c6d5a927bdf88ccd0438a89.jpg,Speed limit 30 Kph,Speed limit 30 Kph
road757_png.rf.a46f12ad9a5e8571dd71e8ab1c95aac6.jpg,Dangerous Rright Curve Ahead,Dangerous Rright Curve Ahead
traffic-sign-with-speed-limit-60-kilometers-per-hour-2ECR28R_jpg.rf.a655bfaee0c259124f84f6adfbe8d856.jpg,Speed limit 30 Kph,Speed limit 30 Kph
road342_png.rf.394ae11ddf368d5bb2f050ac003f1dc1.jpg,-Road narrows on right,-Road narrows on right
london-england-may-2018-no-entry-road-sign-to-prevent-motorist-from-using-the-wrong-entrance-to-a-parking-area-R6JY1M_jpg.rf.2161bf487bb9ff2c0f38c9d8e015212e.jpg,Speed bump ahead,Stop_Sign
blue-roundabout-crossroad-road-traffic-260nw-327671699_webp.rf.8d0273279415b743e32ea50b1e28f525.jpg,Speed limit 20 Kph,Speed limit 20 Kph
00035_00014_00015_png_jpg.rf.87ca5486cb6a899e85406ba7b7cbbda7.jpg,Speed limit 60 Kph,Speed limit 60 Kph
Twenty_s_plenty_-_geograph-org-uk_-_475936_jpg.rf.a208b7ad920ae24d6d425a571bb48dbe.jpg,Speed limit 80 Kph,Speed limit 80 Kph
road732_png.rf.43f250c14750d89696053780c411491a.jpg,Crosswalk,Crosswalk
road762_png.rf.23b7e98c9aac4a0d917656840c5fca63.jpg,Speed limit,Speed limit 80 Kph
road744_png.rf.0e60e136f980941b60ef790a514ec907.jpg,Beware of children,Beware of children
road289_png.rf.80920c7246cf55304a4385d69d1e80e8.jpg,Speed limit 70 Kph,Speed limit 60 Kph
road514_png.rf.f0e9dcf1e260c96ad42af1019172523d.jpg,Beware of children,Beware of children
road720_png.rf.2a5d21909fcf351761485c80a0c62dca.jpg,Speed limit 90 Kph,Speed limit 30 Kph
The_B845_to_Taynuilt_-_geograph-org-uk_-_873023_jpg.rf.3464990a964e6661474bd74c501dd2be.jpg,Speed limit 90 Kph,Speed limit
00024_00007_00024_png_jpg.rf.6562f60b6651b3b22e48b65c9f476eeb.jpg,Speed limit 30 Kph,Speed limit 30 Kph
road109_png.rf.c9cd67f12d095fb75cc014c0c7c5868a.jpg,Uneven Road,Uneven Road
road284_png.rf.3a08d86c95b896397680caaf34c90754.jpg,No Entry,Speed limit 40 Kph
00018_00007_00020_png_jpg.rf.065e2400fe4374ffb1c1ad46f3bb6459.jpg,Speed limit 30 Kph,Speed limit 30 Kph
road188_png.rf.c60514c539fd6e89f6477f68e670101e.jpg,Speed limit 100 Kph,Speed limit 100 Kph
road582_png.rf.18ff42e5df1d325bc9ac8a0ce699a259.jpg,Speed limit 100 Kph,Speed limit 120 Kph
road332_png.rf.451cf0272c790882071cb4dc3b653e88.jpg,Speed limit 40 Kph,Speed limit 30 Kph
road299_png.rf.3d786fed80dd9e885810b89da63e2aa3.jpg,Crosswalk,Speed limit 70 Kph
road841_png.rf.64f75b45a53a899ea9028024f5491290.jpg,Uneven Road,Uneven Road
Bumpy_road_-_geograph-org-uk_-_1022931_jpg.rf.fed74f0beea8ea859ee9c3e2e66fa2c8.jpg,Uneven Road,Uneven Road
road617_png.rf.bc125a28a7f3ff3aaadd9b0c56a1337c.jpg,Dangerous Rright Curve Ahead,Dangerous Rright Curve Ahead
road716_png.rf.9918273142a61992150929042fac3200.jpg,Beware of children,Beware of children
road632_png.rf.f54b74c664039c878ed1c18de60ddf99.jpg,Speed limit 80 Kph,Speed limit 60 Kph
00041_00001_00017_png_jpg.rf.55a1db69d7f3d3cc1d32cb5930ecbf20.jpg,Speed limit 90 Kph,Speed limit 90 Kph
road683_png.rf.debd163d648febbc70a864911e2b4e74.jpg,Speed limit 80 Kph,Speed limit
road718_png.rf.8476cacb87769464526c4971d06669ea.jpg,Speed limit 80 Kph,Speed limit 70 Kph
00022_00006_00019_png_jpg.rf.de7d36e172df225156f49ca95c07e6ae.jpg,Speed limit 30 Kph,Speed limit 30 Kph
road171_png.rf.e6a81557a390014440d96b1f4dc97dca.jpg,Speed limit 80 Kph,Speed limit 80 Kph
00019_00001_00025_png_jpg.rf.f76ba485239b68d52dffa8e5cc70e2cc.jpg,CYCLE ROUTE AHEAD WARNING,CYCLE ROUTE AHEAD WARNING
50-mph-road-sign-R3T1H3_jpg.rf.d7e1866320de16f52eb33584547408de.jpg,Speed limit 40 Kph,Speed limit 100 Kph
00002_00068_00019_png_jpg.rf.d5a5cc8a9f164a57b0957dddf3232fb1.jpg,No Entry,No Entry
road329_png.rf.1d76f0552aef2b0f6be9e7a018f93a04.jpg,No Entry,Speed limit
00001_00018_00026_png_jpg.rf.b6e9af6b92b0dce1adb64ff72bf140cb.jpg,Uneven Road,Uneven Road
road382_png.rf.b1f6f8dd3ebda8084282acfd58b4811b.jpg,No Entry,No Entry
road422_png.rf.787ad574ac86eda01d52ce1701981bd9.jpg,Speed limit 20 Kph,Speed limit 20 Kph
red-no-entry-sign-london-260nw-519686665_webp.rf.07265dae6556a3d671816dacf3957993.jpg,Speed limit 60 Kph,No Entry
00024_00005_00027_png_jpg.rf.f2348eaebb60e3772d9e35fc73e02eb4.jpg,Crosswalk,Crosswalk
warning-triangle-cycle-route-ahead-road-sign-warning-triangle-cycle-route-ahead-sign-247062591_webp.rf.ae21d87a7102d81a37f9fe044c14ebf5.jpg,One way road,One way road
40226174-a-large-round-blue-traffic-sign-displaying-traffic-island-arrows_jpg.rf.ef84d1bdca296bcf0ceabe49c2006f41.jpg,Attention Please-,Attention Please-
00018_00004_00011_png_jpg.rf.03a6390862f7d75d05e9b7e8bc28b80a.jpg,Speed limit 20 Kph,Speed limit 20 Kph
right-bend-road-sign-background-35561249_webp.rf.c6952caa30dfe270836ede7ebd2c3807.jpg,No Entry,No Entry
road635_png.rf.e3bdb125f1335a6ef979746d2bbcdbf6.jpg,Stop_Sign,Stop_Sign
road778_png.rf.162b913224f4b8063d3c848b75fb4adc.jpg,Speed limit 80 Kph,Speed limit 80 Kph
00018_00003_00027_png_jpg.rf.01be6e517e158e1d4586bc16bb125305.jpg,Speed limit 30 Kph,Dangerous Left Curve Ahead
road611_png.rf.3b49f1fc84f1358e60c84df13b1a8c6b.jpg,Speed limit 70 Kph,Crosswalk
road742_png.rf.c31b0ff51013984f780609dfc95dda4e.jpg,No Entry,No Entry
road416_png.rf.d7981a49119c1079d893803617f34ddd.jpg,Speed limit 90 Kph,Speed limit 50 Kph
road668_png.rf.af980f9315284280c606afc8b817448e.jpg,No_Over_Taking,No_Over_Taking
image-37_webp.rf.203af40aac00d15446e441ea8c5be761.jpg,One way road,One way road
00029_00006_00025_png_jpg.rf.1e289d3dafc0fdf7a97bb554141c1061.jpg,roundabout,roundabout
road639_png.rf.8253ec88096b0a5db5278235eaa56c4a.jpg,Attention Please-,Attention Please-
00000_00001_00029_png_jpg.rf.2146719c831b4d6bffe1d1d8143e9140.jpg,Dangerous Left Curve Ahead,Dangerous Left Curve Ahead
road-sign-overtaking-prohibited-road-sign-speed-limit-km-h-road-sign-turn-right-raw-road-sign-overtaking-prohibited-road-217603858_webp.rf.b249007b77f890c954cef8be00a2ca9d.jpg,Speed limit 90 Kph,Speed limit 100 Kph
traffic-passing-warning-sign-uneven-117166948_prevstill_webp.rf.41c7586814aefb0658c309844518cc92.jpg,Speed limit 60 Kph,Speed limit 60 Kph
Temporary_speed_limit_-_geograph-org-uk_-_2005137_jpg.rf.e5bc118354e1fa5ec59866fa8f7458d9.jpg,Speed limit 40 Kph,Speed limit 40 Kph
Unusually_low_location_for_a_speed_limit_sign_near_Tythegston_-_geograph-org-uk_-_5237911_jpg.rf.ab6df5734df00a37f28903964f9caf7b.jpg,Speed limit 40 Kph,Speed limit
road324_png.rf.cf69ea9709f822727f79b42c2eb6e4ca.jpg,No Entry,No Entry
road855_png.rf.afc9300909cc40eb9e3949ee853ce299.jpg,roundabout,roundabout
no-entry-sign-except-cycles-cctv-camera-warning-sign-E5FEN4_jpg.rf.6fd1b8cd887345b0a864ea30d54b6dae.jpg,One way road,One way road
00024_00005_00025_png_jpg.rf.bd6ca7136b7b28fc0686d4c2457d891f.jpg,Speed limit 20 Kph,Speed limit 20 Kph
870x489_limitation-90_jpg.rf.7979dc5eb436326d0732813b54a7ffc9.jpg,Speed limit 120 Kph,Speed limit 120 Kph
00022_00005_00024_png_jpg.rf.0927e628f78b2b0e1da78916eb222bc2.jpg,Speed limit 120 Kph,Speed limit 100 Kph
road79_png_jpg.rf.aba6ec13f9a919a40f54ff7cd00566f5.jpg,Speed limit 100 Kph,Speed limit 100 Kph
00001_00017_00028_png_jpg.rf.8eecf9f1a6d7b6a667868e17d74e8a9a.jpg,Speed limit 40 Kph,Speed limit 120 Kph
S0-quelles-routes-resteront-limitees-a-90-km-h-555350_jpg.rf.7f0fd2f46bbcf4e41899a13397e2c26d.jpg,Speed limit 40 Kph,Speed limit 100 Kph
velocidad-y-accidentalidad-applus2_jpg.rf.bd0327e34514bf55c7f8a1828dbe3b50.jpg,Stop_Sign,Stop_Sign
00020_00007_00024_png_jpg.rf.75c12a695ed351c0bb4276850094a64b.jpg,Speed limit 80 Kph,Speed limit 80 Kph
road594_png.rf.187b79ed9487191d9a474a5532124c09.jpg,No_Over_Taking,Speed limit 40 Kph
road576_png.rf.b3d3d96c704f360a8fdeca071b8db89b.jpg,No_Over_Taking,No_Over_Taking
road313_png.rf.ac777f33d64f17627d30c881eabf9cd4.jpg,Speed limit 30 Kph,Speed limit 30 Kph
7880b8a1eebebf94eb1a609f926dfb72_jpeg.rf.0ec48c1f93817dfc7238dce665377527.jpg,Speed limit 30 Kph,Speed limit 30 Kph
00001_00022_00026_png_jpg.rf.b5bf43b040b4121560243874fcb92184.jpg,-Road narrows on right,-Road narrows on right
00035_00014_00026_png_jpg.rf.ba46a3f30b47feaf8d1574db9708abde.jpg,Speed limit 70 Kph,Speed limit 40 Kph
road227_png.rf.7bd8bf0df64b6ed3180341e08e2f8f68.jpg,Speed limit 40 Kph,Speed bump ahead
road856_png.rf.f884db4dbe8e7653f4a5303ef6a362a9.jpg,Speed limit 40 Kph,Speed limit 40 Kph
00020_00007_00017_png_jpg.rf.b353be04cdf20f2ce5b1a4cf5ea97d0b.jpg,Attention Please-,Attention Please-
00029_00007_00025_png_jpg.rf.7a1b746747ba6278d1430ce4dbbaf415.jpg,Speed limit 40 Kph,Speed limit 40 Kph
road393_png.rf.095847ea3e4d9e812b1020fc343c29d9.jpg,Speed limit 40 Kph,Speed bump ahead
00002_00071_00027_png_jpg.rf.2a274e6b84846bbca6d7c4d111757ba2.jpg,Speed bump ahead,Crosswalk
00000_00004_00015_png_jpg.rf.983b059b7a212a876bea5fc190c0b898.jpg,Speed bump ahead,Speed bump ahead
00022_00006_00025_png_jpg.rf.d429638afb5145fbb15530f2286a7baa.jpg,Speed bump ahead,Speed limit 40 Kph
00028_00006_00029_png_jpg.rf.6d72a119bd01d19dde4ee2dd76dd2b82.jpg,Speed limit 40 Kph,Speed bump ahead
road809_png.rf.d23cf335e65615efedf4be778584f57b.jpg,Speed limit 40 Kph,Speed limit 40 Kph
road81_png_jpg.rf.5f00a3e780923a28fabe05fe8f443600.jpg,Speed limit 80 Kph,Crosswalk
road82_png.rf.7d702dc23c6017570df3ee90c47fde9b.jpg,Speed limit 80 Kph,Speed limit 80 Kph
road678_png.rf.88af19aca72033a4e6a356c440655810.jpg,Speed limit 30 Kph,Uneven Road
00035_00010_00028_png_jpg.rf.51179c3a3ae376e5a60883b31834b2ca.jpg,Speed bump ahead,Crosswalk
road609_png.rf.f206be80744c269699c5c4c8b66d6246.jpg,Speed bump ahead,Speed bump ahead
00001_00027_00026_png_jpg.rf.c0a87bde7608bc08c2a57e9f0f7c408b.jpg,Speed bump ahead,Speed limit 40 Kph
road619_png.rf.9cb8d3b00ff9757d1d97c88fccd5028a.jpg,Speed limit 100 Kph,Speed limit 120 Kph
00028_00006_00022_png_jpg.rf.06b7349799138a21d19366de497a30d4.jpg,Speed limit 100 Kph,Speed limit 100 Kph
7_jpg.rf.0538e416af70c26da2fb06f21ec7b4d3.jpg,Speed limit 50 Kph,Stop_Sign
road215_png.rf.29ec6aebb4377af49fb39955c2b6d8ff.jpg,No_Over_Taking,No_Over_Taking
00020_00007_00015_png_jpg.rf.92cfb21c521c4cb573b55317237edce9.jpg,Speed bump ahead,Speed bump ahead
00029_00007_00028_png_jpg.rf.8485b5ec43361fc97b8a4d430b676a65.jpg,Speed bump ahead,Speed limit 40 Kph
00028_00007_00028_png_jpg.rf.d840c6d5aa4b7e65d9210f192adb03f2.jpg,Speed limit 100 Kph,Speed limit 120 Kph
00024_00007_00014_png_jpg.rf.c6602c5034835d0d1d2e5a33c280045a.jpg,Speed limit 100 Kph,Speed limit 100 Kph
00002_00035_00021_png_jpg.rf.61ca80dafd6e488de9ff264a252e03b8.jpg,Uneven Road,Uneven Road
UK_traffic_sign_513_-left-svg_png.rf.ecb5b103b34c6ff664a34470f3cdb726.jpg,Crosswalk,Crosswalk
00018_00004_00029_png_jpg.rf.282521b8e5218c6d3fd73b63131a3e80.jpg,Dangerous Left Curve Ahead,Dangerous Left Curve Ahead
00018_00004_00012_png_jpg.rf.5c9bd8b0fc2503f64631cfe25200c37d.jpg,Speed limit 50 Kph,Speed limit 50 Kph
road351_png.rf.e4677e042dcb045fdbd1e6938e585195.jpg,Speed limit 50 Kph,Speed limit 50 Kph
00028_00006_00027_png_jpg.rf.0386fa3567139d2ee4115483c75a4225.jpg,Speed limit 50 Kph,Speed limit 40 Kph
no-entry-sign-board-pole-under-blue-sky-2M4XHJC_jpg.rf.5770542c71cef5165f2d7f642371f872.jpg,Speed limit 50 Kph,Speed bump ahead
road691_png.rf.902ee3c1bf49c537fe88a5a7dd75d37d.jpg,Speed limit 30 Kph,Speed limit 30 Kph
road466_png.rf.a44456f74fee2d0eddd2a478b5c7415e.jpg,Speed limit,Speed limit 70 Kph
road105_png.rf.0a09b292efcad1ac4e698f861bd319ed.jpg,Speed limit 90 Kph,Speed limit 90 Kph
istockphoto-1269693988-612x612_jpg.rf.ea2cfc1420a5f91c2cabc72767e768e2.jpg,Speed limit 90 Kph,Speed limit
road331_png.rf.cf45cd3f69412b9328197d098ec455c6.jpg,Speed limit 90 Kph,No Entry
road98_png.rf.e15fd1325ae68ee132bf85a7653ad18e.jpg,-Road narrows on right,-Road narrows on right
00029_00006_00026_png_jpg.rf.4f21ed7bc319295808ffffb987df5375.jpg,CYCLE ROUTE AHEAD WARNING,CYCLE ROUTE AHEAD WARNING
Bend_to_the_left_with_side_road_to_the_right_sign_-_geograph-org-uk_-_4151873_jpg.rf.d4fbe5c87cfe34e0382f5974785c9e8a.jpg,roundabout,roundabout
road274_png.rf.a863e59e1244dac3ebc31b4deca2d56c.jpg,Attention Please-,Attention Please-
e6jk45_jpg.rf.96be7c9ce8500d1784286ec3f776cc61.jpg,Dangerous Left Curve Ahead,Dangerous Rright Curve Ahead
Alwoodley_Chase_-_Harrogate_Road_-_geograph-org-uk_-_3347592_jpg.rf.40d2833ce055904bb1b318cf3883fe5c.jpg,Stop_Sign,Stop_Sign
00029_00007_00019_png_jpg.rf.58abf13b1cb96f2b69af0ebd95a6e01b.jpg,Speed limit,Speed limit 60 Kph
road481_png.rf.8b4354c5df03bcc91e297375a242130d.jpg,Attention Please-,Attention Please-
00041_00000_00007_png_jpg.rf.fd0491f5da27be1b2ef69fc8a48f3b78.jpg,Speed bump ahead,Speed bump ahead
road294_png.rf.3080d6f8100cf2ce8d48bf1e34ff1e5a.jpg,Speed bump ahead,Speed limit 40 Kph
road70_png.rf.5a54c564d2098819d6fe58a3c431e6d5.jpg,Speed limit 70 Kph,Speed limit 120 Kph
road839_png.rf.6a6c41a9bb77b3bdf0b03107a880bee1.jpg,Speed limit 70 Kph,Speed limit 100 Kph
00027_00000_00016_png_jpg.rf.c29c68ca198db57c097ca252128bde7f.jpg,Speed limit 100 Kph,Speed limit 100 Kph
00029_00006_00023_png_jpg.rf.dd63434189c1faa751fff0e7f59081c6.jpg,Speed bump ahead,Speed limit 40 Kph
road583_png.rf.d03040e582b5f2ba62624f08091757c4.jpg,Speed bump ahead,Speed bump ahead
road440_png.rf.2c3955b42ed8dc9b964d97886c305298.jpg,Speed limit 70 Kph,Speed limit 50 Kph
00028_00007_00026_png_jpg.rf.666f3792cc173cd99e4af7d17a11f839.jpg,CYCLE ROUTE AHEAD WARNING,CYCLE ROUTE AHEAD WARNING
road369_png.rf.c8998fd82e82147ada3175d200dd5e9f.jpg,Speed limit 40 Kph,Beware of children
road192_png.rf.8a3d7c5dfc75aae328d6798ecf9112d5.jpg,Speed limit 40 Kph,Speed limit 50 Kph
road590_png.rf.bd428ecd38800bb299b24a161a1a5807.jpg,Speed limit 40 Kph,Speed limit 70 Kph
road670_png.rf.818dd23ab638bdc71e0707afd29761a5.jpg,Speed limit 20 Kph,Speed limit 20 Kph
Combined_speed_limit_and_speed_camera_sign_on_a_Trethomas_corner_-_geograph-org-uk_-_5869803_jpg.rf.52ae5428d7e78297e23c38c955512cf6.jpg,Speed limit 90 Kph,Speed limit 70 Kph
images5_jpeg.rf.1f8a81f200475f779466c80963cd473d.jpg,Speed limit 90 Kph,No_Over_Taking
road230_png.rf.7889e83764a5f9023265ac38c890a0d6.jpg,Uneven Road,Uneven Road
Road_signs_on_La_Verte_Rue_jpg.rf.a225ed0bfb757ded3af4fa9fbf8e0a03.jpg,Speed limit 30 Kph,Speed limit 20 Kph
140601_jpeg.rf.bb7b1cf2d6ae8c6077fd6a49b0509c94.jpg,Speed limit 30 Kph,Beware of children
road548_png.rf.5c424dc0a7e7a80ef2f55d53e27393c6.jpg,Speed limit 30 Kph,Speed limit 50 Kph
speed-limit-2_jpg.rf.86dfbe45c971102fbdfdf720aad538d3.jpg,Crosswalk,Crosswalk
road712_png.rf.63280edd47a9c69e3105ee563803cb13.jpg,Speed limit 80 Kph,-Road narrows on right
road319_png.rf.743428fae48f58354ee34b4c43bc316a.jpg,Speed limit 80 Kph,Speed limit 80 Kph
Speed_limit_markers_on_approach_to_Bishopbriggs_-_geograph-org-uk_-_1336478_jpg.rf.a85bea1c35ccc8fe5c37334805b03e1f.jpg,No Entry,No Entry
road620_png.rf.1efc57489b3e494a33517991f35cf189.jpg,-Road narrows on right,-Road narrows on right
00001_00018_00017_png_jpg.rf.cef50554c24a1635111677dfd3b9a398.jpg,Speed limit 70 Kph,Speed limit 90 Kph
00001_00018_00027_png_jpg.rf.3e0f03e98b37636baa89185c53b96907.jpg,Uneven Road,Uneven Road
road612_png.rf.961e844e1ce3c72a51d61436794a3430.jpg,Stop_Sign,Stop_Sign
7ecd0f7def1740568739b2f80cc48b5f_800_jpg.rf.54aa1b8198ed4842ee991d59e5b3efaf.jpg,Speed limit 30 Kph,Speed limit 30 Kph
s-l1600_jpg.rf.bf9c4c2e5898e30847af51cbea5bf9a6.jpg,Speed limit 50 Kph,Speed limit 90 Kph
00018_00006_00024_png_jpg.rf.836653c9ec63d92457665c5137864f78.jpg,Speed limit 90 Kph,Speed limit 120 Kph
road467_png.rf.1e168b0df9af1094a529774cb7f687aa.jpg,Dangerous Rright Curve Ahead,Dangerous Rright Curve Ahead
single-road-sign_jpg.rf.340ee1b73c947e27199111de84a31771.jpg,Speed limit 80 Kph,Speed limit
Field_and_30_M-P-H-_speed_limit_sign_-_geograph-org-uk_-_3864619_jpg.rf.8425ca2ee122cc16fa7266a44a8e9c75.jpg,Speed limit 80 Kph,Speed limit 80 Kph
00020_00006_00016_png_jpg.rf.881aabcf54a98aff1d1544f90b364fb0.jpg,Speed bump ahead,Speed bump ahead
00024_00007_00019_png_jpg.rf.4793731c0070344961b1e8524c824843.jpg,Speed bump ahead,Speed limit 40 Kph
road259_png.rf.3647c3fd8115f845d78db02f8a3d93f3.jpg,Speed bump ahead,Crosswalk
30mph_speed_limit_in_Caerwent_-_geograph-org-uk_-_2798373_jpg.rf.dbfafda11bc0b5c1b8e4272945c27211.jpg,Speed limit,Speed limit
Pylons_and_speed_limit_signs_approaching_Quarter_-_geograph-org-uk_-_2045484_jpg.rf.22d25500ffd9e2c89d986cf7e7c13d32.jpg,Speed limit,Speed limit 40 Kph
road376_png.rf.2c0a40594b1922fb261e0de527220a67.jpg,Speed limit 60 Kph,Speed limit 60 Kph
00022_00006_00023_png_jpg.rf.0a40b2497d387fd784e734904b033b98.jpg,Speed limit 30 Kph,Speed limit 30 Kph
road438_png.rf.3504fe26527ed14623081c6f9302c082.jpg,One way road,One way road
road627_png.rf.7215d3ac8953e35fe818493c43e732d2.jpg,Speed limit 100 Kph,Speed limit 80 Kph
60_km_-ubt-_JPG.rf.497aa4ab0aad83db2550b26ab0bf783a.jpg,Speed limit 100 Kph,Speed limit 100 Kph
00022_00007_00012_png_jpg.rf.f08b9ddc9732dc75c844f2888f4271d7.jpg,Crosswalk,Speed limit 80 Kph
00041_00000_00020_png_jpg.rf.dadb81925ad58696fe6f1d4318364077.jpg,Crosswalk,-Road narrows on right
road437_png.rf.82c6f79a0e39761a3dcdba474e30e015.jpg,Dangerous Rright Curve Ahead,Dangerous Rright Curve Ahead
00028_00007_00027_png_jpg.rf.cf59f8600066f93053ad7d0c4e418870.jpg,CYCLE ROUTE AHEAD WARNING,CYCLE ROUTE AHEAD WARNING
jakarta-indonesia-23-april-2023-no-entry-sign-free-photo_jpg.rf.587d7a238c5f2345b5b41fc35d397619.jpg,Speed limit 100 Kph,Speed limit 100 Kph
road443_png.rf.59ab2aed3fc9cf42f2f40d8d75aa22cb.jpg,Speed limit 50 Kph,Speed limit 50 Kph
images3_jpeg.rf.3447b6cd8a1649805e3a927b63358027.jpg,Speed limit 20 Kph,Speed limit 20 Kph
road787_png.rf.2977908ec79e27481250bfdb8f0e99c2.jpg,Uneven Road,Uneven Road
road735_png.rf.137bf4338d95f12636dd48ca47c9aeb9.jpg,Beware of children,Beware of children
60-speed-limit-sign-260nw-1279371937_webp.rf.f3b0f66c7456f7e79446da064fc0b8f2.jpg,Speed limit 90 Kph,Speed limit 90 Kph
road348_png.rf.01e85cd3c68530e8fe456e157c566424.jpg,Stop_Sign,Stop_Sign
00000_00000_00023_png_jpg.rf.efc023deb9916aff496897eb8302ffa4.jpg,No Entry,Stop_Sign
road267_png.rf.4fd4d67eccbc007f58ffd94799ef9ec1.jpg,Speed limit 30 Kph,Speed bump ahead
road573_png.rf.9bfe8dc56605a7d7154d7e7cc21b7aa8.jpg,Speed limit 30 Kph,Speed limit 30 Kph
road795_png.rf.7e7b2a3f1051024a4b9ee9562c4d6a70.jpg,One way road,One way road
60-km-speed-limit-sign-a-highway-sixty-kilometers-per-hour-traffic-road-sign-a-restriction-sign-for-car-drivers-not-to-exceed-the-speed-over-60-kilo-2RXCBWR_jpg.rf.fd5e021d8379ba2bcbb59ab0063b9cb0.jpg,Speed bump ahead,Crosswalk
60-km-speed-limit-traffic-sign-2E5ADK6_jpg.rf.caa48247e151215a5f1c506b1b2c64c2.jpg,Speed bump ahead,Speed bump ahead
Speed_limit_signs_for_Ardersier_-_geograph-org-uk_-_1899540_jpg.rf.a1731d3a5b9acd70fb2e94a433da9b3d.jpg,Speed bump ahead,Speed limit 40 Kph
00024_00004_00026_png_jpg.rf.19c8f1bb4592feb6356c844b2ac38eb5.jpg,Speed limit 30 Kph,Speed limit 30 Kph
00001_00018_00018_png_jpg.rf.daa22ba47e02b53a211a05a600db7ad0.jpg,Speed limit 40 Kph,Speed bump ahead
4NX276H_copyright_image_146754_webp.rf.d247ab38c5fe893bd072a293cf49f3e5.jpg,Speed limit 40 Kph,Speed limit 40 Kph
road736_png.rf.bccc32be40df0ec100e7ff16d711ec69.jpg,Beware of children,Beware of children
road719_png.rf.f580ccfc2389a473e40feefa46ed6aef.jpg,No Entry,No Entry
original_jpg.rf.eb5b7294381e1c59cf6da525ad438346.jpg,Speed limit 70 Kph,Speed limit 70 Kph
UK_traffic_sign_609_-left-svg_png.rf.e2b8287c91e2a0da01f26404d2ba1fbf.jpg,Dangerous Rright Curve Ahead,Dangerous Rright Curve Ahead
00000_00000_00029_png_jpg.rf.841431497a19d1415a0f9441fde56740.jpg,CYCLE ROUTE AHEAD WARNING,CYCLE ROUTE AHEAD WARNING
00020_00006_00020_png_jpg.rf.6a7db71edd8d8d372b759f93df56464f.jpg,Beware of children,Beware of children
road98_png_jpg.rf.05bab9f2f6eb796056ddb2d25faa0c59.jpg,-Road narrows on right,-Road narrows on right
00000_00001_00026_png_jpg.rf.924cb7e58a712f526feee8e8d0396b3e.jpg,Speed limit 50 Kph,Speed limit 50 Kph
00018_00004_00004_png_jpg.rf.1218283cdcbdb6121a1aa3c6b8c172d6.jpg,Dangerous Left Curve Ahead,
road686_png.rf.b1dd70ec5af59b36b4c7414309059c05.jpg,Attention Please-,Attention Please-
maxresdefault_jpg.rf.a1344e792ab88b757c9140d14bffcff7.jpg,Attention Please-,Attention Please-
50km_speedlimit_jpg.rf.25d1a0fe6421407b7bc89b4fd04a6d32.jpg,Speed limit 40 Kph,Speed limit 40 Kph
1000_F_232535821_df7O6qdIweizjJLQnsdsuGcQgIjy5LyY_jpg.rf.f8a788d26cf03d2a084205cac3bfb474.jpg,Beware of children,Beware of children
00018_00004_00023_png_jpg.rf.e82c745ebc4fe7fc0617b5e0edb418bc.jpg,No Entry,No Entry
UK_traffic_sign_544-svg_png.rf.fd94cf65cdf77f570cb92b10c5b8a64c.jpg,Speed limit 100 Kph,Speed limit 120 Kph
road871_png.rf.7ed15817f9c05d1b5f3647dd268202ed.jpg,Speed limit 100 Kph,Speed limit 100 Kph
00002_00046_00028_png_jpg.rf.11783ed43ef842dafaf3d32ce3b6bbbe.jpg,Speed limit 80 Kph,Speed limit 80 Kph
road399_png.rf.a6d256a867e3a8fa06d69348328cc18d.jpg,Speed limit 80 Kph,Speed limit
00001_00027_00028_png_jpg.rf.b995df26430759968e0e606ad57aba38.jpg,Speed limit 80 Kph,Crosswalk
Prohibido-el-paso_JPG.rf.e2d13516b2e97145c912bc880bddb4db.jpg,Speed limit 30 Kph,Speed limit 40 Kph
00001_00018_00016_png_jpg.rf.3f063a35f2e4d3ba7ecdbb281d1efd34.jpg,Speed limit 70 Kph,Speed limit 70 Kph
road607_png.rf.a6a7f81d1617c422f092a136261f9142.jpg,Speed limit 40 Kph,Crosswalk
4BAA659B00000578-0-image-a-8_1524962578654_jpg.rf.c81458e8eb5443cc66a87ef06f35f708.jpg,Speed limit 40 Kph,Speed limit 40 Kph
road470_png.rf.86d79e9d73fc7d99fb88d24dcfebf628.jpg,Stop_Sign,Stop_Sign
UK_traffic_sign_512-2_-left-svg_png.rf.c8f38873eddace41ac822431c644d063.jpg,CYCLE ROUTE AHEAD WARNING,CYCLE ROUTE AHEAD WARNING
road152_png.rf.be3cb361d6b491b6654cb23ef0e35419.jpg,Dangerous Left Curve Ahead,Dangerous Left Curve Ahead
road298_png.rf.1234c4e8121a9ec9d1ad3ed9d35e8ad2.jpg,Speed bump ahead,Beware of children
road101_png.rf.55232756f98dc4182cc36a2c50c5537e.jpg,Speed bump ahead,Speed bump ahead
00002_00072_00028_png_jpg.rf.327431e50bbc7d05ef75bdc83ec23183.jpg,Speed bump ahead,Speed limit 30 Kph
OIP-1-_jpeg.rf.d823876405893e777c55bec898dc1b96.jpg,No Entry,No Entry
road406_png.rf.6ccd7eae4a4ef85e612a1b9d2a581b9c.jpg,Speed limit 20 Kph,Speed limit 30 Kph
20_MPH_Zone-_Silverdale_Rd_-_geograph-org-uk_-_5661008_jpg.rf.10bdd5c1803bb907ce819cf280248422.jpg,CYCLE ROUTE AHEAD WARNING,CYCLE ROUTE AHEAD WARNING
00041_00000_00016_png_jpg.rf.50e3b9b1098d28a386f14ae8e4e7acfc.jpg,Speed limit,Speed limit 80 Kph
1_0x0_790x520_0x520_lack_of_road_knowledge_jpg.rf.f2b4c8b855f0604dbb706d92c1449c81.jpg,Speed limit,One way road
Speed_limit_sign-_High_Street_-_geograph-org-uk_-_741347_jpg.rf.637eaf9c655c097daaa47b437869c554.jpg,Speed limit,Speed limit
West_Parley_-_old_speed_limit_sign-_Mags_Barrow_-_geograph-org-uk_-_1347446_jpg.rf.1c9c599ee60a436d696fb3f52aa196e2.jpg,Speed limit,Crosswalk
00029_00007_00021_png_jpg.rf.210abba02651310b7a09c9a15d30e8bd.jpg,No_Over_Taking,No_Over_Taking
00041_00001_00004_png_jpg.rf.523d41c18c352f2b704b52a3880d2f8d.jpg,Speed limit 100 Kph,Speed bump ahead
road764_png.rf.b34fbe10c0208457e6d86cec41373186.jpg,Speed limit 100 Kph,Speed limit 40 Kph
road606_png.rf.4b9c8fe71a260e85a1d3750120c9ca41.jpg,Stop_Sign,Stop_Sign
traffic-sign-speed-limit-at-60-kilometers-per-hour-and-information-in-portuguese-saying-electronic-inspection-2WX7TA9_jpg.rf.fc9dacab6c5a043cd766a2821e5e9bac.jpg,Speed limit 80 Kph,Speed limit 80 Kph
no-entry-sign-derbyshire-england-uk-E00H1G_jpg.rf.40206fcc1a3fd3ccb41bace1d87438c8.jpg,Speed limit 80 Kph,Crosswalk
road829_png.rf.c68bd4e2ad253201f55a92d07bc7dd96.jpg,Crosswalk,Crosswalk
speed-limit-traffic-sign-60-kmph-in-the-countryside-on-a-sunny-summer-day-istria-croatia-2DACBNJ_jpg.rf.3e1d6fada75f95e84b17fd5cc1091805.jpg,CYCLE ROUTE AHEAD WARNING,CYCLE ROUTE AHEAD WARNING
road140_png.rf.300d006adb747e585287a3b9c5dd79ef.jpg,Speed limit 80 Kph,Crosswalk
road95_png.rf.67dd0550e4b620e719c38c35d9b34440.jpg,Speed limit 90 Kph,Speed limit 90 Kph
UK_Give_Way-Turn_Left_And_dual_Carriageway_Sign_Part_1_-_geograph-org-uk_-_5103153_jpg.rf.71c823a89ebd5218cc908fe354627b82.jpg,Beware of children,Beware of children
00029_00007_00029_png_jpg.rf.3e37a5e87997ed84a0f1d1221b164de1.jpg,Speed bump ahead,Speed bump ahead
road695_png.rf.b2e048cc7eb17ceb9c948a1e7d2520db.jpg,Speed bump ahead,Speed limit 40 Kph
road442_png.rf.0e1bee8377b5bdfd0e0ac2a38f707331.jpg,Dangerous Left Curve Ahead,Speed limit 40 Kph
00001_00022_00029_png_jpg.rf.b4be2eacb45ae913a85bdfba2db5957c.jpg,Dangerous Left Curve Ahead,Speed bump ahead
isolated-traffic-sign-speed-limit-50-kilometres-2C5CY91_jpg.rf.8afac380eb8fa2837e6e8a184c6eec18.jpg,Speed limit 80 Kph,Speed limit
00020_00005_00027_png_jpg.rf.cd94276ce12e94e85f832478222524f1.jpg,Speed limit 80 Kph,Speed limit 80 Kph
00001_00018_00028_png_jpg.rf.daacd374bfb728ee173799bba0aefddb.jpg,Beware of children,Speed limit 40 Kph
Red_to_the_left-_black_to_the_right-_-_geograph-org-uk_-_4260210_jpg.rf.05050688d2228b2454aaac3f6acbd6d4.jpg,Beware of children,Speed bump ahead
00014_00004_00022_png_jpg.rf.860011155d263f2cd7e72fecdfe75431.jpg,Speed limit 20 Kph,Speed limit 30 Kph
road776_png.rf.c201fda4b248dc4cce7c49540ea160be.jpg,Speed limit 90 Kph,Speed limit 90 Kph
21690_jpeg.rf.36f8bb398a3088952f9f8d8df3fef8d3.jpg,Speed limit 80 Kph,Speed limit 80 Kph
road449_png.rf.cefab38be838be3d28cb9a4a1ad4574c.jpg,Speed limit 80 Kph,Speed limit 100 Kph
Twenty_is_plenty_fast_enough_on_a_morning_like_this_-_geograph-org-uk_-_1145999_jpg.rf.3c643e20cb3e660b6bae1b844eb2fd1a.jpg,Speed limit 30 Kph,Speed limit 20 Kph
00018_00004_00009_png_jpg.rf.6e75b71dc9660e9b91c4e356a7eea19c.jpg,Speed limit 60 Kph,Speed limit 90 Kph
00022_00006_00022_png_jpg.rf.1885edc5faa851597722a021e57235ce.jpg,Speed limit 40 Kph,Crosswalk
413Drr1pN3L-_AC__jpg.rf.e0dfea96e123b3eac46332924d72422c.jpg,Speed limit 40 Kph,Dangerous Left Curve Ahead
00022_00007_00022_png_jpg.rf.b67c6463f75d57d3742f222b06f35a25.jpg,Speed limit 40 Kph,Speed limit 40 Kph
Looking_westwards_along_Mayfield_Road_-_geograph-org-uk_-_861279_jpg.rf.57d447ffe98779ac047516300acd2f5a.jpg,Speed limit 60 Kph,Speed limit 120 Kph
road703_png.rf.4e9da678be71df1351564e5586d43ea5.jpg,Speed limit 100 Kph,Speed limit 100 Kph
road837_png.rf.1de96b650de409ddd234aefb8d833a57.jpg,Speed limit 100 Kph,Speed limit 120 Kph
7020118113_999c3cc112_jpg.rf.78e80aaa96008bbb66d5e113872f7fbe.jpg,Speed limit 40 Kph,CYCLE ROUTE AHEAD WARNING
00041_00000_00002_png_jpg.rf.ed832f19f598302f714754b4da3f0e89.jpg,Speed limit 40 Kph,Speed limit 40 Kph
00035_00014_00018_png_jpg.rf.7681f92115c0a8afe5d0321980f2bff4.jpg,Speed limit 60 Kph,Speed limit 30 Kph
road426_png.rf.7030f0cb89c35ba5f3f815bf923e52f0.jpg,Speed limit 60 Kph,Speed limit 30 Kph
road333_png.rf.444c6d332e1e75bff13d1cdbb9f5d8e0.jpg,Speed limit 50 Kph,Speed limit 50 Kph
road507_png.rf.871260b574fd352b4b592ff0a0c5da51.jpg,Speed limit 30 Kph,Speed limit 30 Kph
00035_00015_00022_png_jpg.rf.42dcc553d93b7d0b56ac4802e7b0f193.jpg,Speed limit 30 Kph,Speed limit 30 Kph
Experimental_lower_speed_limit_-_geograph-org-uk_-_614527_jpg.rf.f9817b65c16119b71a262a4ba9b5a9a3.jpg,Speed limit 40 Kph,Speed limit 40 Kph
road217_png.rf.5e16fd0ab8ff13a4d4f44986663733e5.jpg,Speed limit 40 Kph,Speed bump ahead
road361_png.rf.a9cc6906ceff551d829cdf20a94b36df.jpg,Speed limit 90 Kph,Speed limit 60 Kph
00035_00014_00011_png_jpg.rf.5efa924035f639d7ce6fb01773696cba.jpg,CYCLE ROUTE AHEAD WARNING,Uneven Road
00019_00005_00018_png_jpg.rf.f0f3ab06cf518f00db2a3541cc7e4125.jpg,Attention Please-,Attention Please-
Pre-Worboys_speed_limit_on_Coldharbour_Lane-_Thorpe_-_geograph-org-uk_-_4764965_jpg.rf.6610e0331448f8872ae00ee604d7e11b.jpg,Speed limit 80 Kph,Speed limit 80 Kph
00002_00068_00020_png_jpg.rf.38d83b6d228d8b85194a40deace5a46c.jpg,Speed limit 80 Kph,Speed limit
00001_00027_00025_png_jpg.rf.bf1f7971ab71f66945c7f0f1d86956dc.jpg,Speed limit 70 Kph,Attention Please-
800px-Warning_Right_Bend_Sign_jpg.rf.6cc3f1c02899a44fdd33d9c37a40c396.jpg,Speed limit 20 Kph,Speed limit 30 Kph
00000_00002_00023_png_jpg.rf.ac2caff8eb4c5857f3249fc3b3823b2b.jpg,Dangerous Rright Curve Ahead,Dangerous Rright Curve Ahead
road112_png.rf.f6cdd3eb213abce015a398b9d90739ca.jpg,-Road narrows on right,-Road narrows on right
road133_png.rf.50cf49843e18b6726c82bb8c530e7c3b.jpg,Speed limit 40 Kph,Speed limit 40 Kph
road389_png.rf.5362d2b8fc272eaf99cceb8e4542fb16.jpg,Speed limit 30 Kph,Speed limit 30 Kph
road130_png.rf.bbfcd4f53ae28683ddba3a5da5b10b77.jpg,Speed limit 30 Kph,Speed limit 30 Kph
UK_Turn_Left_Sign_On_A_1_Way_Street_Sign_-_geograph-org-uk_-_5091959_jpg.rf.e7071a4882e1236017cf603092179b75.jpg,Speed limit 20 Kph,Speed limit 30 Kph
Road_towards_Knockbreck_-_geograph-org-uk_-_1119341_jpg.rf.8066870a7aa5d0aec21f47c0b571a610.jpg,Speed limit 20 Kph,Speed limit 30 Kph
road326_png.rf.2011010b10f116459fca442f2d82fabd.jpg,Speed limit 30 Kph,Speed bump ahead
360_F_58315808_MyXeXM2QOZObkmYmDOs0f2f7W1WfNRUZ_jpg.rf.d4458a5fc6ca71f60e364f413e14e912.jpg,Speed limit 30 Kph,Speed limit 30 Kph
00035_00014_00025_png_jpg.rf.3ed66c7367a299c1a2a212d80dac26bb.jpg,Uneven Road,Uneven Road
road281_png.rf.195c21011eff91978a1f8170d3238cff.jpg,Speed limit 100 Kph,Speed limit 90 Kph
road725_png.rf.453dc4f54a7c3c8c1678b66f921db939.jpg,Speed limit 50 Kph,Speed limit 50 Kph
road222_png.rf.2c24917860100a6f522181a7cf2b9baa.jpg,Speed limit 70 Kph,Speed limit 60 Kph
traffic-sign-uk-mini-roundabout-260nw-2156022999_webp.rf.ce82f3f8cdb79d4b35337e1caf2b0614.jpg,Uneven Road,Uneven Road
road769_png.rf.f4302edb63bc023d5b6ac4b65f3be472.jpg,No_Over_Taking,No_Over_Taking
Twenty_s_Plenty_-_Great_George_Street_Glasgow_Scotland_Speed_Limit_-19380159332-_jpg.rf.fd21673698882bdf08f8b0136fc7e21e.jpg,Speed limit 100 Kph,Speed limit 90 Kph
UK_Bend_To_Left_Ahead_Sign_-_geograph-org-uk_-_5211362_jpg.rf.8becb1088dba72dc3576167e54358c0b.jpg,Beware of children,Beware of children
B9727549314Z-1_20210630153900_000-G98IEN91V-1-0_jpg.rf.c12f5b8dcb7df2df492f0f9aa347bedc.jpg,No Entry,No Entry
00035_00015_00026_png_jpg.rf.d3a2407ed1abddeea0c2e5d67bc6b66e.jpg,Speed limit 90 Kph,Speed limit 90 Kph
00035_00014_00027_png_jpg.rf.f16061cc4ac169f21c711a8fe60abd08.jpg,Speed limit 60 Kph,Speed limit 90 Kph
No_left_turn_sign_in_the_grounds_of_Warwick_Castle_-_geograph-org-uk_-_4692238_jpg.rf.1b3b8ef899fc210ce4c93ee4645afa8b.jpg,Speed limit,Speed limit 90 Kph
00000_00004_00016_png_jpg.rf.1c91bd94eba9adbf2e3cf5faeebac386.jpg,Speed limit 60 Kph,Speed limit 120 Kph
00001_00018_00015_png_jpg.rf.a7349c9830b2b44928d153c3bb362b02.jpg,Speed limit 60 Kph,Speed limit 100 Kph
00018_00007_00023_png_jpg.rf.df12c0db206c4b0ca6de2602aa6384ca.jpg,Speed limit 70 Kph,Speed limit 60 Kph
70sign_jpg.rf.4b180da902c7cc429664566a0f8cb37a.jpg,Crosswalk,Speed bump ahead
UK_50_mph_speed_limit_sign_jpg.rf.7d8d68118ae76b08162a49b1e6288b54.jpg,Crosswalk,Speed limit 40 Kph
road603_png.rf.7773c995f9ef594354a0a513eb8ee0f4.jpg,Speed limit 20 Kph,Speed limit 20 Kph
road271_png.rf.ee0f48704524968da6560f1032ee0bae.jpg,Speed limit 40 Kph,Speed bump ahead
road681_png.rf.4d0368cbfdc9071128ad6e7ce2d757ed.jpg,Speed limit 40 Kph,Speed limit 40 Kph
road488_png.rf.ffe9d94c4ee5d915709df65878f0f281.jpg,Speed limit 40 Kph,Speed bump ahead
00000_00000_00026_png_jpg.rf.d55303f5dec85ec6c9393b98d10f02f8.jpg,Speed limit 40 Kph,Speed limit 40 Kph
road468_png.rf.823f18fb05574db3b82533ac2d1ca92c.jpg,Speed limit 40 Kph,Crosswalk
UK_traffic_sign_544_-Gibraltar-svg_png.rf.2a93876eb0969ad5888ce31bb79282a1.jpg,Speed limit 90 Kph,Speed limit 90 Kph
road867_png.rf.70297a8700b71f088c8bc9c462f69356.jpg,Speed limit 50 Kph,Speed limit 60 Kph
00035_00015_00014_png_jpg.rf.318bcf77b7f8f16f104e0827027b88e8.jpg,Speed limit 60 Kph,Speed limit 60 Kph
road872_png.rf.e8e75d2503b121b008b3781b2367bf3d.jpg,Speed limit 20 Kph,Speed limit 30 Kph
00020_00006_00022_png_jpg.rf.3c493a53c272c9954a1d4f6e2d0c1851.jpg,Speed limit 20 Kph,Speed limit 30 Kph
road22_png.rf.744ebf6bbc7aab72184afd3a7235822e.jpg,-Road narrows on right,-Road narrows on right
00000_00002_00029_png_jpg.rf.49589eaba0973f348eb99ce9fd8974f6.jpg,Speed limit 30 Kph,Speed limit 30 Kph
road266_png.rf.2c2006f8c8bc685009d07b2e8c06e819.jpg,CYCLE ROUTE AHEAD WARNING,Speed limit 70 Kph
road88_png.rf.a6b5f9eb526cad0121e07bc165ad44ec.jpg,Speed limit 100 Kph,Speed limit 120 Kph
00035_00015_00018_png_jpg.rf.0285a562cb9c556ba8377d5b8d954b40.jpg,Speed limit 100 Kph,Speed limit 100 Kph
triangle-traffic-sign-with-exclamation-mark-3d-illustration-2K2K4XM_jpg.rf.bf69ebb710d6f2e9ca1736a2e6268de1.jpg,Speed limit 90 Kph,Speed limit 40 Kph
istockphoto-453508211-612x612_jpg.rf.cdb00be778bb74f1157111e9c894b3ae.jpg,Speed limit 90 Kph,No_Over_Taking
Martongate_-_geograph-org-uk_-_294507_jpg.rf.2bed20c4b4c33b5d4c5cec4955aaae03.jpg,Speed limit 60 Kph,Speed limit 60 Kph
00024_00004_00020_png_jpg.rf.04e5819bdead427c7990582057b6ed30.jpg,Crosswalk,Dangerous Left Curve Ahead
00022_00007_00019_png_jpg.rf.bb74936264ad99eaccb3598bf943d673.jpg,Speed limit 20 Kph,Speed limit 20 Kph
00020_00006_00017_png_jpg.rf.05d0ae0053050c284361c9db1e4827ad.jpg,Dangerous Rright Curve Ahead,Dangerous Rright Curve Ahead
road868_png.rf.53cc2e2caf7bc66980390418e390675b.jpg,Stop_Sign,Stop_Sign
road181_png.rf.e81a12f24bb9084db33f4ecda3501d34.jpg,Speed limit 20 Kph,Speed limit 20 Kph
road430_png.rf.9826d8fc5f3ee5ff0dc06060e5a52822.jpg,Attention Please-,Attention Please-
road80_png.rf.d277e3ae32a77200e01384b10143e493.jpg,Speed limit 90 Kph,Speed limit 40 Kph
road429_png.rf.0b1a53c50821f425c86867203faed983.jpg,Speed limit 90 Kph,Speed bump ahead
00019_00005_00021_png_jpg.rf.b335ccd4a345217e02d3229a51c5bf19.jpg,Speed limit 80 Kph,Speed limit 50 Kph
road874_png.rf.429e4e017e4e792abbc42ed01c959d5f.jpg,Speed limit 60 Kph,Speed limit 50 Kph
Report_of_the_Traffic_Signs_Committee_-1963-_-_Fig_37_png.rf.2ea90d95203b46b20a47071f55ca1636.jpg,Speed limit 60 Kph,Speed limit 60 Kph
JS134362289_webp.rf.500520b3001f901ae762129442b8b395.jpg,Attention Please-,Attention Please-
cycle-route-ahead-sign-3105904_webp.rf.ab342fa8263f5694dbffce735a636668.jpg,Crosswalk,Crosswalk
00000_00000_00027_png_jpg.rf.eb3961f015c22bfdb98b4747cdc353eb.jpg,Speed bump ahead,Speed limit 40 Kph
00029_00005_00016_png_jpg.rf.8362cb6c27abf4e9f620a6898937a774.jpg,Speed bump ahead,Speed bump ahead
road800_png.rf.14081351bce2a1eb49aab26f474354c2.jpg,Speed limit 50 Kph,Speed limit 50 Kph
00028_00004_00020_png_jpg.rf.a80f313334c5c55e8254d4c9477d9b59.jpg,Speed limit,Speed limit 100 Kph
road749_png.rf.d0bc6ad04a217d9435a7185f7dc313c2.jpg,Speed limit 30 Kph,Speed limit 30 Kph
road779_png.rf.57005ce4f0b221daab031b1c65191a32.jpg,No Entry,No Entry
road339_png.rf.0cdb78742db0ca9e4cd8e127f0afc601.jpg,Speed limit 30 Kph,Speed limit 30 Kph
00018_00005_00011_png_jpg.rf.8b8f7f8610685b3f2310cf004f1ab708.jpg,Speed limit 90 Kph,Speed limit 60 Kph
00020_00007_00023_png_jpg.rf.f3e20e0ca46013e8ab66d0818e8165df.jpg,Speed limit 20 Kph,Speed limit 20 Kph
33759128-31030961_jpg.rf.6456ebb9254d5b67e662d21b7999e9f7.jpg,Speed limit 80 Kph,Speed limit 80 Kph
road731_png.rf.c4cde6b4ed9909db6617a05ab40f3320.jpg,Speed limit 80 Kph,Speed limit
Speed_limit_signs_at_Alves_-_geograph-org-uk_-_2099656_jpg.rf.9aef7782f794e8200ccd3898b4f9c46d.jpg,Dangerous Left Curve Ahead,Dangerous Left Curve Ahead
00035_00014_00020_png_jpg.rf.1c00fc1d71046153e19dcf1893ae1185.jpg,Crosswalk,Crosswalk
road513_png.rf.7e0392a78edec0937e35d0d18784ff22.jpg,Speed bump ahead,Speed limit 40 Kph
road536_png.rf.4216d0a59f4df612f447de30d3399459.jpg,Speed bump ahead,Speed bump ahead
road413_png.rf.0b67a93d66f2f07b3fbf41945306916c.jpg,Speed limit 90 Kph,Speed limit 40 Kph
road293_png.rf.82cf72dc0802ffef90a6ccd153b9e959.jpg,Speed limit 50 Kph,Speed limit 50 Kph
00014_00004_00016_png_jpg.rf.5a74ba6716d1dbff09c3130aaff99fd8.jpg,Crosswalk,Speed limit 20 Kph
00020_00005_00029_png_jpg.rf.5bcf0c5d61db0cc40901a2197ad812bc.jpg,Speed limit 40 Kph,Speed limit 100 Kph
00000_00004_00004_png_jpg.rf.1ab5c337690d31e53019b77c02ec4eec.jpg,Crosswalk,Speed limit 20 Kph
00041_00000_00022_png_jpg.rf.89679fce02caef23230e82d1fcaaece6.jpg,No_Over_Taking,No_Over_Taking
road641_png.rf.e964782f1404d176f5757b08735fa964.jpg,roundabout,roundabout
road722_png.rf.3040fefa61871b9e14f3257aef2f7891.jpg,Speed limit 20 Kph,Speed limit 20 Kph
road544_png.rf.133b1611cc80374856e8dce3f7f6aece.jpg,Dangerous Left Curve Ahead,Speed limit 30 Kph
road410_png.rf.bc6f86e42020e2c93a3e80159353c07a.jpg,CYCLE ROUTE AHEAD WARNING,CYCLE ROUTE AHEAD WARNING
road106_png.rf.baddd48ccb52cd95ce4cdc9d243ec403.jpg,No_Over_Taking,No_Over_Taking
road475_png.rf.b930ade9880a1f61e250ae57b44c4f08.jpg,Speed limit 100 Kph,Speed limit 100 Kph
road559_png.rf.09640f22c9ec7cd29dc94b5c499a8a13.jpg,Speed limit 80 Kph,Speed limit 80 Kph
close-up-of-a-blue-and-white-roundabout-road-sign-against-a-clear-blue-sky-with-clouds-and-copy-space-europe-photography-2K8BEKD_jpg.rf.96ca68f25f7291837cc94034acf84610.jpg,Speed limit 20 Kph,Speed limit 60 Kph
00000_00002_00022_png_jpg.rf.c12ac5502005ddc0a1d0dc53f86484c6.jpg,No Entry,No Entry
lamppost-with-multiple-signs-near-hampton-court-station-surrey-england-CPWJ9R_jpg.rf.201051a147b0c455e162d194a5705a51.jpg,Speed limit 80 Kph,Speed limit 80 Kph
00000_00000_00021_png_jpg.rf.76273d6def41e680b11585baf2c5060f.jpg,Speed limit 60 Kph,Speed limit 60 Kph
road61_png.rf.f6afea880a6d09427b753fa682b325dd.jpg,Speed bump ahead,Crosswalk
right-bend-warning-triangle-sign-600w-331631729_webp.rf.78591eb0d84a71d031d1117a076a86e9.jpg,Stop_Sign,Stop_Sign
00019_00006_00024_png_jpg.rf.d84e19e40ad1e155c4ceea589ee2f218.jpg,Dangerous Left Curve Ahead,Dangerous Left Curve Ahead
road388_png.rf.5178cad86eb7db095106ae5bdc75afc2.jpg,CYCLE ROUTE AHEAD WARNING,CYCLE ROUTE AHEAD WARNING
Twenty_s_Plenty_-_Speed_Sign_-_Glasgow-_Scotland_jpg.rf.5bbd528328ebf8741cdd353bbc308bf4.jpg,Speed limit 100 Kph,Speed limit 120 Kph
road279_png.rf.48032dc252a12881915cee1ef1b491e6.jpg,Speed limit 100 Kph,Speed limit 100 Kph
20_MPH_Speed_restriction_-_geograph-org-uk_-_4430515_jpg.rf.7dd553b05b7f29cf3e7a4d3be6e97860.jpg,Speed limit 90 Kph,Speed limit 90 Kph
road538_png.rf.a69147cb0805aa6aaa1410ace2c68985.jpg,Speed limit 30 Kph,Speed limit 30 Kph
Speed_limit-_Llandderfel_-_geograph-org-uk_-_1876852_jpg.rf.a437277b797e6825e7c5823b4aae950a.jpg,Speed limit 60 Kph,Speed limit 50 Kph
istockphoto-584855410-1024x1024_jpg.rf.75ea3dab80e52d451ca05bc32feb90f2.jpg,Dangerous Rright Curve Ahead,Dangerous Rright Curve Ahead
road494_png.rf.12d903fcf1699ddde3681ca39862da33.jpg,Speed limit 30 Kph,Speed limit 30 Kph
uk-triangle-road-warning-sign-260nw-2375581765_webp.rf.99f68f63a5de2d7dd18f8d0d2b8eeed9.jpg,Speed limit 30 Kph,Dangerous Left Curve Ahead
Proby_Street-_Maryburgh_-_geograph-org-uk_-_4216887_jpg.rf.54c284dbf759573b05e020726d569e6f.jpg,Stop_Sign,Stop_Sign
UK_Bend_To_The_Left_Ahead_Sign_-_geograph-org-uk_-_5154568_jpg.rf.cfff9b3a9cfe5efa82bd608c438522da.jpg,Crosswalk,Speed limit 60 Kph
00029_00007_00022_png_jpg.rf.59da79186e7e9fdeabec20a881e1cd18.jpg,Speed limit 60 Kph,Speed limit 120 Kph
road753_png.rf.db9e2b7f5ffbcd975215de1ca5a29cf2.jpg,Speed limit 60 Kph,Speed limit 60 Kph
00029_00006_00020_png_jpg.rf.4df3baa6326426bb6875102a8c8b88bd.jpg,Crosswalk,Speed limit 20 Kph
Right_Bend-_Ranmore_Common_Road_-_geograph-org-uk_-_2706345_jpg.rf.d6eccafb5ad3c97fc0ce4837fafcf9eb.jpg,Attention Please-,Attention Please-
road82_png_jpg.rf.9716a7a23b036c476bd21c570d04320c.jpg,Uneven Road,Uneven Road
00029_00005_00029_png_jpg.rf.b738b42dde0f8bef85c40bedbed18beb.jpg,Uneven Road,Uneven Road
road68_png.rf.424bd6e6af6ff7098f9ac5fa51e09efe.jpg,Uneven Road,Uneven Road
00024_00004_00029_png_jpg.rf.d3060558fff114e1d428aeaf4e2d400d.jpg,Dangerous Left Curve Ahead,Speed limit 20 Kph
road866_png.rf.b140cd50d3e2a64b46f7946528c4ff7f.jpg,Speed limit 100 Kph,Speed limit 120 Kph
00001_00017_00027_png_jpg.rf.41afec612c2ed669046d8740827692a6.jpg,Speed limit 100 Kph,Speed limit 100 Kph
road659_png.rf.32101f582b6d84b199640100e19956e5.jpg,Speed limit 40 Kph,Speed limit 80 Kph
00022_00005_00019_png_jpg.rf.1763121913d0f17a3cef28b82987c130.jpg,Speed limit 70 Kph,Dangerous Rright Curve Ahead
road233_png.rf.f3be4dbf865ae5c4bd716b7c81621ab3.jpg,No_Over_Taking,No_Over_Taking
00001_00018_00025_png_jpg.rf.eb0523f8e2d9eb878f6710715604b8be.jpg,One way road,One way road
00029_00008_00017_png_jpg.rf.499e73dd99b1c9a6e661fb857814ba13.jpg,Speed limit 80 Kph,Speed limit 90 Kph
Roundabout-blue-sign_jpg.rf.bc43141e8bae9d5092265fcd7307dbbf.jpg,Speed limit 80 Kph,Speed limit
road484_png.rf.ebf85e48e5cc22f43bc8fd2b30b40357.jpg,Speed limit 90 Kph,Speed limit
The_Rising_-_geograph-org-uk_-_4444461_jpg.rf.8a65e7abef9217cf23775b719a9dd2c8.jpg,Speed limit 90 Kph,Speed limit 40 Kph
gettyimages-999372530-612x612_jpg.rf.16c42f035b9b0504a5197a68d7fc20f7.jpg,Speed limit 90 Kph,Dangerous Rright Curve Ahead
f4a36f6589a0e50e702740b15352bc00e4bfaf6f58bd4db850e167794d05993d_jpeg.rf.575bd99459aa4851a2b997fe05d36850.jpg,Speed limit 80 Kph,Speed limit 80 Kph
00019_00001_00023_png_jpg.rf.e704674387c69074d017729712ad3b7f.jpg,One way road,One way road
00014_00007_00018_png_jpg.rf.d62fcad09c04da6d1f4e8f18969cc6d9.jpg,Speed limit 20 Kph,Speed limit 20 Kph
road814_png.rf.62ca452dacc40aad4c4f9942aec4307c.jpg,Speed limit 20 Kph,One way road
00018_00007_00015_png_jpg.rf.93b29bb130a7e82d77c4fdf923ce2720.jpg,Speed limit 100 Kph,Speed limit 50 Kph
road57_png.rf.89537bb25ba17a3b81afc0e2160abae1.jpg,Speed limit 40 Kph,Speed limit 40 Kph
road518_png.rf.7c4e6536c84ce29fbe7120a1dd172f6c.jpg,Speed limit 40 Kph,Crosswalk
road556_png.rf.c95d6d159d2b9905cdd3e83eea70016a.jpg,One way road,One way road
road301_png.rf.46eff92d048174cf667cc4a3c0437490.jpg,Dangerous Left Curve Ahead,Dangerous Left Curve Ahead
Untitled_jpeg.rf.fafd6797e7040eee9dfeff5227334908.jpg,Dangerous Left Curve Ahead,Speed limit 30 Kph
images2_jpeg.rf.4e13ef0ef032f3d561b526c14e067718.jpg,Speed limit 50 Kph,Speed limit 50 Kph
road690_png.rf.127e450582628a20bd80c501ff77ea1f.jpg,Speed limit 30 Kph,Speed limit 30 Kph
road585_png.rf.c80ff7c1fe536093e22127d2176853bb.jpg,Dangerous Left Curve Ahead,Dangerous Rright Curve Ahead
road577_png.rf.ee105cf837eba96bb7ef5ba06f48b1b2.jpg,Speed limit 20 Kph,Speed limit 20 Kph
road201_png.rf.76ebaad148342106abc54146a9af2a09.jpg,Speed limit 60 Kph,Speed limit 120 Kph
No_left_turns_from_Mumby_Road_-_geograph-org-uk_-_1327304_jpg.rf.78a9db38b0ca8e6260fb57ad01499201.jpg,Crosswalk,Crosswalk
00020_00006_00023_png_jpg.rf.ac9d9f3818c7a32dc71fbe94656b81f9.jpg,Speed limit,Speed limit 90 Kph
00041_00000_00005_png_jpg.rf.23b697f6672b2890a33e868074fa16e9.jpg,Speed limit 20 Kph,Crosswalk
00018_00003_00023_png_jpg.rf.269386ed04b3d01cd037586bc2d18a53.jpg,Speed limit 20 Kph,Crosswalk
00000_00004_00010_png_jpg.rf.67635bc5792a1669c42ffe397feb58ab.jpg,Crosswalk,One way road
road541_png.rf.821e902aa020efeac22ecc5f7be227c0.jpg,Dangerous Left Curve Ahead,Speed limit 20 Kph
00029_00007_00024_png_jpg.rf.080383e0c305000c099fa32cc48586ec.jpg,Speed limit 80 Kph,Speed bump ahead
00035_00015_00025_png_jpg.rf.8a2268d6bdc595cf85b0b5c18800c235.jpg,Speed limit 80 Kph,Speed limit 40 Kph
00000_00000_00025_png_jpg.rf.aa258a0fac9e2841fe01e5989fe56e71.jpg,Uneven Road,Attention Please-
Bend_to_the_left_sign_on_Park_Road_-_geograph-org-uk_-_3990401_jpg.rf.652fd6dae11c3d88a975fb9e9a59772a.jpg,One way road,One way road
Cape-Schanck-Boneo-Road_JPG.rf.6663663e8eceb0499dd740181afeb5c8.jpg,Speed limit 40 Kph,Speed bump ahead
60mph_jpg.rf.8f87993ca27eb0ffd39eb4c20f3f295f.jpg,Speed limit 40 Kph,Speed limit 40 Kph
